{"train/loss":0.024,"train/grad_norm":0.2187153548002243,"_runtime":286,"_step":3,"_wandb":{"runtime":286},"train/learning_rate":4.8684210526315795e-06,"train/epoch":0.7729468599033816,"train/global_step":40,"_timestamp":1.7651847441723897e+09}