{"_timestamp":1.7651842176534002e+09,"_step":1,"train/global_step":20,"_runtime":94,"train/grad_norm":0.32521024346351624,"_wandb":{"runtime":94},"train/loss":0.038,"train/learning_rate":4.796954314720812e-06,"train/epoch":0.38461538461538464}